time,chassis_joint.phi,chassis_joint.w,left_joint.phi,left_joint.w,Right_joint1.phi
0.0,0.0,0.0,0.0,0.0,0.0
0.01,-0.0013486028601253813,-0.26972049570857465,0.0,0.0,0.0
0.02,-0.0053943689332335894,-0.5394367457899543,0.0,0.0,0.0
0.03,-0.012137162703696382,-0.809137770069034,0.0,0.0,0.0
0.04,-0.02157640426208054,-1.0787820173627969,0.0,0.0,0.0
0.05,-0.03371186305353524,-1.3483529387427213,0.0,0.0,0.0
0.06,-0.048541474660386746,-1.6177514929388206,0.0,0.0,0.0
0.07,-0.06606386233460718,-1.886909689439768,0.0,0.0,0.0
0.08,-0.08627532794866712,-2.1556954525135867,0.0,0.0,0.0
0.09,-0.10917021434153627,-2.4238915096532083,0.0,0.0,0.0
0.1,-0.13474408016561565,-2.6914072126076,0.0,0.0,0.0
0.11,-0.1629804819941446,-2.957787773701704,0.0,0.0,0.0
0.12,-0.1938749996902284,-3.2229205411622983,0.0,0.0,0.0
0.13,-0.2274095102859678,-3.4863187104330677,0.0,0.0,0.0
0.14,-0.2635637890496049,-3.7475364510297604,0.0,0.0,0.0
0.15,-0.3023216593796353,-4.006219822456503,0.0,0.0,0.0
0.16,-0.3436384613219484,-4.261482219892107,0.0,0.0,0.0
0.17,-0.3874912132832574,-4.5129272302339025,0.0,0.0,0.0
0.18,-0.4338402502708136,-4.7598575475614915,0.0,0.0,0.0
0.19,-0.4826250471399937,-5.0013040299738805,0.0,0.0,0.0
0.2,-0.5337909499771302,-5.236468097060274,0.0,0.0,0.0
0.21,-0.5872769634229236,-5.464516846409505,0.0,0.0,0.0
0.22,-0.6430030296927485,-5.6844198493190365,0.0,0.0,0.0
0.23,-0.700881734961015,-5.895145431258758,0.0,0.0,0.0
0.24,-0.7608052448703605,-6.095527919347582,0.0,0.0,0.0
0.25,-0.8226798918883027,-6.284731382629289,0.0,0.0,0.0
0.26,-0.8863824767994398,-6.461611676591804,0.0,0.0,0.0
0.27,-0.9517942426619477,-6.625167586952926,0.0,0.0,0.0
0.28,-1.0187544932632442,-6.774229876515008,0.0,0.0,0.0
0.29,-1.0871461598891616,-6.907764911717598,0.0,0.0,0.0
0.3,-1.1567768101619416,-7.025003936895618,0.0,0.0,0.0
0.31,-1.2274995538426128,-7.124950955852214,0.0,0.0,0.0
0.32,-1.299146981350406,-7.206813836579706,0.0,0.0,0.0
0.33,-1.371506459007737,-7.270223156248052,0.0,0.0,0.0
0.34,-1.4444227114558505,-7.314239687469444,0.0,0.0,0.0
0.35000000000000003,-1.517678295148334,-7.339004668806072,0.0,0.0,0.0
0.36,-1.591087550673703,-7.344005404602212,0.0,0.0,0.0
0.37,-1.6644605110707955,-7.328963455965354,0.0,0.0,0.0
0.38,-1.7375903851930075,-7.294346670111568,0.0,0.0,0.0
0.39,-1.8102799927727307,-7.240127406378287,0.0,0.0,0.0
0.4,-1.8823419696819819,-7.1668469278510845,0.0,0.0,0.0
0.41000000000000003,-1.9535810566441882,-7.075098147877764,0.0,0.0,0.0
0.42,-2.023809638111787,-6.965588157748419,0.0,0.0,0.0
0.43,-2.0928651404703733,-6.839092451251853,0.0,0.0,0.0
0.44,-2.1605676569855796,-6.696650844472752,0.0,0.0,0.0
0.45,-2.226770989039917,-6.539127102325485,0.0,0.0,0.0
0.46,-2.2913266576686135,-6.367625560589301,0.0,0.0,0.0
0.47000000000000003,-2.3540967435537237,-6.183279160875502,0.0,0.0,0.0
0.48,-2.414963668102303,-5.987039820924597,0.0,0.0,0.0
0.49,-2.4738109917989415,-5.780148706276491,0.0,0.0,0.0
0.5,-2.530538399621364,-5.563564862446221,0.0,0.0,0.0
0.51,-2.5850551901761505,-5.338376665080854,0.0,0.0,0.0
0.52,-2.6372807926369433,-5.105649592614668,0.0,0.0,0.0
0.53,-2.687143651780036,-4.866262428730347,0.0,0.0,0.0
0.54,-2.7345837952539287,-4.621149839771516,0.0,0.0,0.0
0.55,-2.779547005496457,-4.371139127034685,0.0,0.0,0.0
0.56,-2.8219886513727728,-4.116968103183785,0.0,0.0,0.0
0.5700000000000001,-2.8618695791687054,-3.8592925344338345,0.0,0.0,0.0
0.58,-2.8991506950207464,-3.598741611073114,0.0,0.0,0.0
0.59,-2.93380771901277,-3.3358290216407633,0.0,0.0,0.0
0.6,-2.9658207561129486,-3.071007155881997,0.0,0.0,0.0
0.61,-2.9951742690278467,-2.8046916356121048,0.0,0.0,0.0
0.62,-3.0218526516423934,-2.53732579689983,0.0,0.0,0.0
0.63,-3.0458559559056795,-2.269151594804057,0.0,0.0,0.0
0.64,-3.0671869378807015,-2.000398304982196,0.0,0.0,0.0
0.65,-3.0858218475995836,-1.7312905209242644,0.0,0.0,0.0
0.66,-3.1017608679624353,-1.4619582192919673,0.0,0.0,0.0
0.67,-3.1150139932870258,-1.1924619390537499,0.0,0.0,0.0
0.68,-3.125582328186764,-0.9228606449825139,0.0,0.0,0.0
0.6900000000000001,-3.1334448994440187,-0.6533351033509742,0.0,0.0,0.0
0.7000000000000001,-3.1386154887337776,-0.38378857775256986,0.0,0.0,0.0
0.71,-3.1410977967393454,-0.1141618440228553,0.0,0.0,0.0
0.72,-3.1408864667639165,0.15546590056330753,0.0,0.0,0.0
0.73,-3.1379816350178453,0.42512811883245066,0.0,0.0,0.0
0.74,-3.1323851018392705,0.6948709945269308,0.0,0.0,0.0
0.75,-3.124091156629196,0.9645606858367365,0.0,0.0,0.0
0.76,-3.113100038911669,1.2342336027577205,0.0,0.0,0.0
0.77,-3.099414289152388,1.5037531788491398,0.0,0.0,0.0
0.78,-3.083032486264906,1.7730992316624614,0.0,0.0,0.0
0.79,-3.0639597165023313,2.04211527162122,0.0,0.0,0.0
0.8,-3.0421991015195013,2.310682452231638,0.0,0.0,0.0
0.81,-3.017755427737038,2.5786312528553204,0.0,0.0,0.0
0.8200000000000001,-2.990639852430119,2.845641067008611,0.0,0.0,0.0
0.8300000000000001,-2.960856522196827,3.1115662356936302,0.0,0.0,0.0
0.84,-2.928429203348285,3.3758427104555055,0.0,0.0,0.0
0.85,-2.8933647677857133,3.638258772754784,0.0,0.0,0.0
0.86,-2.8556929191020157,3.8982059101252315,0.0,0.0,0.0
0.87,-2.815438097768547,4.155162263141624,0.0,0.0,0.0
0.88,-2.7726249445356514,4.4086278167345805,0.0,0.0,0.0
0.89,-2.727301679670843,4.657779178651436,0.0,0.0,0.0
0.9,-2.679504329801287,4.90195820151812,0.0,0.0,0.0
0.91,-2.6292983714335647,5.140263728712416,0.0,0.0,0.0
0.92,-2.576742656357,5.371798308186148,0.0,0.0,0.0
0.93,-2.5219077413940245,5.5955628638174275,0.0,0.0,0.0
0.9400000000000001,-2.4648809275976458,5.810639588253076,0.0,0.0,0.0
0.9500000000000001,-2.4057522583399877,6.015942255529886,0.0,0.0,0.0
0.96,-2.344620852807367,6.21032916235329,0.0,0.0,0.0
0.97,-2.2816047895692058,6.392808353637388,0.0,0.0,0.0
0.98,-2.216829673300912,6.562300685638411,0.0,0.0,0.0
0.99,-2.1504268132976327,6.717601726484147,0.0,0.0,0.0
1.0,-2.0825427277871946,6.857762317468895,0.0,0.0,0.0
1.01,-2.0133358692797416,6.981956512525304,0.0,0.0,0.0
1.02,-1.9429716266698411,7.089054587387106,0.0,0.0,0.0
1.03,-1.8716236388469936,7.178249842313681,0.0,0.0,0.0
1.04,-1.7994674912201452,7.249180897659979,0.0,0.0,0.0
1.05,-1.7266994252847758,7.300990696312445,0.0,0.0,0.0
1.06,-1.65351733321808,7.333158735976463,0.0,0.0,0.0
1.07,-1.580100078310349,7.345774096331045,0.0,0.0,0.0
1.08,-1.5066644780304477,7.338449314676868,0.0,0.0,0.0
1.09,-1.433412232047093,7.311208595537844,0.0,0.0,0.0
1.1,-1.3605158366071546,7.264506393831891,0.0,0.0,0.0
1.11,-1.2881908063214738,7.198597603203267,0.0,0.0,0.0
1.12,-1.21662368987403,7.1140060030956835,0.0,0.0,0.0
1.1300000000000001,-1.1459794424549639,7.011405663200616,0.0,0.0,0.0
1.1400000000000001,-1.0764517433931293,6.89163471687454,0.0,0.0,0.0
1.1500000000000001,-1.0082024034290045,6.755507521848526,0.0,0.0,0.0
1.16,-0.9413828343925166,6.603919231090059,0.0,0.0,0.0
1.17,-0.8761544854696008,6.438044269254596,0.0,0.0,0.0
1.18,-0.812648966843098,6.258790376719623,0.0,0.0,0.0
1.19,-0.7509942359816212,6.067236728194582,0.0,0.0,0.0
1.2,-0.6913153880255473,5.864648983503371,0.0,0.0,0.0
1.21,-0.6337121348032326,5.651872444749845,0.0,0.0,0.0
1.22,-0.5782826709292017,5.430063650107299,0.0,0.0,0.0
1.23,-0.525114396392499,5.200384193074382,0.0,0.0,0.0
1.24,-0.47428321718909705,4.963608389699867,0.0,0.0,0.0
1.25,-0.4258546445777888,4.7207388369399546,0.0,0.0,0.0
1.26,-0.3798842774387739,4.472621197434352,0.0,0.0,0.0
1.27,-0.3364224385196824,4.220073861790373,0.0,0.0,0.0
1.28,-0.295506127124153,3.9637705366826435,0.0,0.0,0.0
1.29,-0.257167080539826,3.704331463287948,0.0,0.0,0.0
1.3,-0.22143758833565697,3.4423920370381706,0.0,0.0,0.0
1.31,-0.18833641028616155,3.1783890828146535,0.0,0.0,0.0
1.32,-0.1578811505775627,2.912748754828717,0.0,0.0,0.0
1.33,-0.13008761590477597,2.6458873571876866,0.0,0.0,0.0
1.34,-0.10496673610669137,2.3780713896587384,0.0,0.0,0.0
1.35,-0.08252653125623478,2.109561890125534,0.0,0.0,0.0
1.36,-0.06277252242152255,1.840581480610717,0.0,0.0,0.0
1.37,-0.04571091077249869,1.5712728649871395,0.0,0.0,0.0
1.3800000000000001,-0.031343396998272696,1.3017631879944873,0.0,0.0,0.0
1.3900000000000001,-0.019671349566500768,1.0321410968742601,0.0,0.0,0.0
1.4000000000000001,-0.010697049688306294,0.7624572064671687,0.0,0.0,0.0
1.41,-0.004419634724847517,0.49275228666481546,0.0,0.0,0.0
1.42,-0.0008394486492680378,0.22304113265139838,0.0,0.0,0.0
1.43,4.294851339650492e-05,-0.046675179442671536,0.0,0.0,0.0
1.44,-0.0017710113604516792,-0.31638786951990117,0.0,0.0,0.0
1.45,-0.006282070192741421,-0.586099941774373,0.0,0.0,0.0
1.46,-0.013490709068145056,-0.8558045325334568,0.0,0.0,0.0
1.47,-0.023394898819670766,-1.1254762041570658,0.0,0.0,0.0
1.48,-0.03599560398682651,-1.3950764230576895,0.0,0.0,0.0
1.49,-0.05129238192878668,-1.6645401721636184,0.0,0.0,0.0
1.5,-0.06928140631660558,-1.9337721992140038,0.0,0.0,0.0
1.51,-0.08996156842186184,-2.2026399862040065,0.0,0.0,0.0
1.52,-0.11332855234022243,-2.4709701810756877,0.0,0.0,0.0
1.53,-0.13937435122582562,-2.7385440220447723,0.0,0.0,0.0
1.54,-0.1680916830493195,-3.0050864393160266,0.0,0.0,0.0
1.55,-0.1994682728197471,-3.270268649011187,0.0,0.0,0.0
1.56,-0.2334877214714695,-3.5337008309432805,0.0,0.0,0.0
1.57,-0.2701315389405971,-3.79492081020821,0.0,0.0,0.0
1.58,-0.30937431286093336,-4.053408509840967,0.0,0.0,0.0
1.59,-0.3511855399563042,-4.30856781768899,0.0,0.0,0.0
1.6,-0.3955296161882053,-4.559718303657631,0.0,0.0,0.0
1.61,-0.44236199702134743,-4.8061391833164775,0.0,0.0,0.0
1.62,-0.49163158152596254,-5.047012469657913,0.0,0.0,0.0
1.6300000000000001,-0.543279059929329,-5.281440056872182,0.0,0.0,0.0
1.6400000000000001,-0.5972351708806596,-5.508531669525956,0.0,0.0,0.0
1.6500000000000001,-0.6534215306658504,-5.727265263975663,0.0,0.0,0.0
1.6600000000000001,-0.7117492722597994,-5.93658503925349,0.0,0.0,0.0
1.67,-0.7721203264215031,-6.135484189609153,0.0,0.0,0.0
1.68,-0.8344236650255191,-6.322831447995774,0.0,0.0,0.0
1.69,-0.8985379134853948,-6.497521170472054,0.0,0.0,0.0
1.7,-0.9643339428049966,-6.658537353462356,0.0,0.0,0.0
1.71,-1.0316667691638395,-6.804785093812749,0.0,0.0,0.0
1.72,-1.1003836912318603,-6.935265779412399,0.0,0.0,0.0
1.73,-1.1703258142430355,-7.04909784408905,0.0,0.0,0.0
1.74,-1.2413180538049113,-7.145408626201984,0.0,0.0,0.0
1.75,-1.3131826237456001,-7.223471808780604,0.0,0.0,0.0
1.76,-1.3857366374828692,-7.282697488383295,0.0,0.0,0.0
1.77,-1.4587844542175905,-7.322613867288251,0.0,0.0,0.0
1.78,-1.5321338166647425,-7.342886737163092,0.0,0.0,0.0
1.79,-1.605588253867343,-7.343354092701081,0.0,0.0,0.0
1.8,-1.6789456440010915,-7.324052816599023,0.0,0.0,0.0
1.81,-1.7520119522431996,-7.285073672561947,0.0,0.0,0.0
1.82,-1.8245912332900118,-7.226755910645392,0.0,0.0,0.0
1.83,-1.8964905347204466,-7.1496334157297134,0.0,0.0,0.0
1.84,-1.9675257524963972,-7.05416907683741,0.0,0.0,0.0
1.85,-2.0375171223833934,-6.941173525652987,0.0,0.0,0.0
1.86,-2.1062938314946424,-6.811527587956077,0.0,0.0,0.0
1.87,-2.1736913092838956,-6.666028922274197,0.0,0.0,0.0
1.8800000000000001,-2.2395587609572476,-6.505750954164765,0.0,0.0,0.0
1.8900000000000001,-2.30375462425124,-6.331760218827607,0.0,0.0,0.0
1.9000000000000001,-2.3661424782550715,-6.1450601749148985,0.0,0.0,0.0
1.9100000000000001,-2.4266053448559477,-5.946785206516897,0.0,0.0,0.0
1.92,-2.485033365118735,-5.738025467827721,0.0,0.0,0.0
1.93,-2.5413225454727484,-5.519832020360944,0.0,0.0,0.0
1.94,-2.5953887508125826,-5.293237363064452,0.0,0.0,0.0
1.95,-2.647152209413704,-5.059239480490888,0.0,0.0,0.0
1.96,-2.696540794328002,-4.818789291121417,0.0,0.0,0.0
1.97,-2.74349835539906,-4.5727268884206955,0.0,0.0,0.0
1.98,-2.7879712477545415,-4.321891262842742,0.0,0.0,0.0
1.99,-2.8299145544024458,-4.067033150465576,0.0,0.0,0.0
2.0,-2.8692937091138155,-3.808775709724552,0.0,0.0,0.0
2.0100000000000002,-2.9060761848658774,-3.547768598692981,0.0,0.0,0.0
2.02,-2.9402372660407528,-3.284526772117456,0.0,0.0,0.0
2.0300000000000002,-2.9717576839242876,-3.019472080195311,0.0,0.0,0.0
2.04,-3.0006207296309304,-2.753061009598265,0.0,0.0,0.0
2.05,-3.026814494963062,-2.4855922801689907,0.0,0.0,0.0
2.06,-3.0503296723828677,-2.2173260173384732,0.0,0.0,0.0
2.07,-3.0711600927771685,-1.9485249636960094,0.0,0.0,0.0
2.08,-3.0893005477481315,-1.6793413649630184,0.0,0.0,0.0
2.09,-3.1047476231585462,-1.4099033791538986,0.0,0.0,0.0
2.1,-3.117500513814587,-1.1403289090313078,0.0,0.0,0.0
2.11,-3.127557001259875,-0.8706717358532887,0.0,0.0,0.0
2.12,-3.134916394183919,-0.6009730765892994,0.0,0.0,0.0
2.13,-3.1395796724582867,-0.33126419605340424,0.0,0.0,0.0
2.14,-3.141545366535179,-0.061549265723259576,0.0,0.0,0.0
2.15,-3.140813751113646,0.20816843694453457,0.0,0.0,0.0
2.16,-3.137385741704092,0.4778853330187564,0.0,0.0,0.0
2.17,-3.1312598897127413,0.7475973941411833,0.0,0.0,0.0
2.18,-3.12243717900383,1.0172880091596106,0.0,0.0,0.0
2.19,-3.110918330668732,1.2869244309717138,0.0,0.0,0.0
2.2,-3.0967027119704076,1.5564524044244408,0.0,0.0,0.0
2.21,-3.0797933047567243,1.825789456150865,0.0,0.0,0.0
2.22,-3.0601921708296995,2.0948192948327455,0.0,0.0,0.0
2.23,-3.037901818515763,2.363385939052452,0.0,0.0,0.0
2.24,-3.012932507399587,2.6312937664842857,0.0,0.0,0.0
2.25,-2.985291926424315,2.8982926261173927,0.0,0.0,0.0
2.2600000000000002,-2.9549918862766904,3.1640778555766476,0.0,0.0,0.0
2.27,-2.92204735920723,3.428283471188179,0.0,0.0,0.0
2.2800000000000002,-2.886476797509854,3.6904764988043572,0.0,0.0,0.0
2.29,-2.848302505117024,3.9501665546490043,0.0,0.0,0.0
2.3000000000000003,-2.807551023077551,4.206831260239835,0.0,0.0,0.0
2.31,-2.764253394089366,4.459803712056931,0.0,0.0,0.0
2.32,-2.7184456023946435,4.708359962731568,0.0,0.0,0.0
2.33,-2.670168910246652,4.951688535954532,0.0,0.0,0.0
2.34,-2.619474291926876,5.188919106689126,0.0,0.0,0.0
2.35,-2.566455542705562,5.419387409592355,0.0,0.0,0.0
2.36,-2.511166749381407,5.641947501897346,0.0,0.0,0.0
2.37,-2.453689588119434,5.855518324603671,0.0,0.0,0.0
2.38,-2.3941160650373026,6.0589336691629825,0.0,0.0,0.0
2.39,-2.332553750143404,6.251266757650539,0.0,0.0,0.0
2.4,-2.2691237491375174,6.431637159648716,0.0,0.0,0.0
2.41,-2.2039535006590945,6.598648854123854,0.0,0.0,0.0
2.42,-2.137187122048968,6.751079193141874,0.0,0.0,0.0
2.43,-2.0689720944735113,6.887941749222097,0.0,0.0,0.0
2.44,-1.9994474007059488,7.008800543229003,0.0,0.0,0.0
2.45,-1.9288006132583877,7.1123749489650745,0.0,0.0,0.0
2.46,-1.8572185062390931,7.197784212722796,0.0,0.0,0.0
2.47,-1.784875052989554,7.2644801624246425,0.0,0.0,0.0
2.48,-1.7119512097006806,7.312063544644048,0.0,0.0,0.0
2.49,-1.6386614338763164,7.340032847089677,0.0,0.0,0.0
2.5,-1.56521727854001,7.348163915199024,0.0,0.0,0.0
2.5100000000000002,-1.4917839635694565,7.336377483396479,0.0,0.0,0.0
2.52,-1.4185649345945757,7.304814290677723,0.0,0.0,0.0
2.5300000000000002,-1.3457651662805221,7.253827181694945,0.0,0.0,0.0
2.54,-1.273579866484556,7.183954809935896,0.0,0.0,0.0
2.5500000000000003,-1.2021803745916204,7.095297453869984,0.0,0.0,0.0
2.56,-1.1317526569272767,6.988841975262268,0.0,0.0,0.0
2.57,-1.0624671194224673,6.865522840069603,0.0,0.0,0.0
2.58,-0.9944895225184166,6.726247573184773,0.0,0.0,0.0
2.59,-0.9279878799380803,6.571565378762907,0.0,0.0,0.0
2.6,-0.8631026377035965,6.40280242609108,0.0,0.0,0.0
2.61,-0.799968847054122,6.2211203878264065,0.0,0.0,0.0
2.62,-0.7387198738300168,6.02732999187868,0.0,0.0,0.0
2.63,-0.6794671010034526,5.822615613489177,0.0,0.0,0.0
2.64,-0.6223108491402034,5.608062466376781,0.0,0.0,0.0
2.65,-0.5673481045436898,5.3847169142503715,0.0,0.0,0.0
2.66,-0.5146661769734151,5.153581584908772,0.0,0.0,0.0
2.67,-0.4643292044334981,4.9155977890260845,0.0,0.0,0.0
2.68,-0.4163963666746903,4.671651919643468,0.0,0.0,0.0
2.69,-0.37093815970869953,4.422672721071086,0.0,0.0,0.0
2.7,-0.32799030741509516,4.169367612021829,0.0,0.0,0.0
2.71,-0.28758729086417245,3.9123906284549164,0.0,0.0,0.0
2.72,-0.2497700341440831,3.652470830787919,0.0,0.0,0.0
2.73,-0.21456423112189946,3.3901417330882726,0.0,0.0,0.0
2.74,-0.18198870880320372,3.125825185614433,0.0,0.0,0.0
2.75,-0.1520610242302105,2.8599512901202817,0.0,0.0,0.0
2.7600000000000002,-0.12479698736789077,2.592966782249402,0.0,0.0,0.0
2.77,-0.1002063370306004,2.3250818175010908,0.0,0.0,0.0
2.7800000000000002,-0.07829768239860976,2.0564963365717497,0.0,0.0,0.0
2.79,-0.059074373158243314,1.7875231908723963,0.0,0.0,0.0
2.8000000000000003,-0.0425421268777033,1.5182431417003541,0.0,0.0,0.0
2.81,-0.028704872969163454,1.2487464404793138,0.0,0.0,0.0
2.82,-0.0175623982067734,0.9791383506451975,0.0,0.0,0.0
2.83,-0.009115092985534297,0.7094824839594128,0.0,0.0,0.0
2.84,-0.003365403931166992,0.4397918469984762,0.0,0.0,0.0
2.85,-0.0003138267186215176,0.17008135603080748,0.0,0.0,0.0
2.86,4.276549618288768e-05,-0.09963015595389536,0.0,0.0,0.0
2.87,-0.002298152481354296,-0.3693461784345062,0.0,0.0,0.0
2.88,-0.007338177900705637,-0.6390623639072576,0.0,0.0,0.0
2.89,-0.01507288749542068,-0.9087647802286116,0.0,0.0,0.0
2.9,-0.025504169076155794,-1.1784284050265492,0.0,0.0,0.0
2.91,-0.03863305754021915,-1.4480090077286163,0.0,0.0,0.0
2.92,-0.05445703507295023,-1.71743537574701,0.0,0.0,0.0
2.93,-0.07297211730571727,-1.986604832484122,0.0,0.0,0.0
2.94,-0.09417787678300696,-2.255380671682431,0.0,0.0,0.0
2.95,-0.11807063944552545,-2.523582486489925,0.0,0.0,0.0
2.96,-0.14463867484955809,-2.7909793236272735,0.0,0.0,0.0
2.97,-0.17387587553268866,-3.0572884537484177,0.0,0.0,0.0
2.98,-0.20577150573034836,-3.3221662434081294,0.0,0.0,0.0
2.99,-0.24030577392193056,-3.5852169171773345,0.0,0.0,0.0
3.0,-0.27745875739571096,-3.8459677930007268,0.0,0.0,0.0
3.0100000000000002,-0.317206809189274,-4.103870402635163,0.0,0.0,0.0
3.02,-0.3595182688189083,-4.358318832594202,0.0,0.0,0.0
3.0300000000000002,-0.4043527336049727,-4.608652016474977,0.0,0.0,0.0
3.04,-0.45166742088466577,-4.8540903706358645,0.0,0.0,0.0
3.0500000000000003,-0.5014103755455968,-5.093788841528125,0.0,0.0,0.0
3.06,-0.5535177727337179,-5.326938260527793,0.0,0.0,0.0
3.0700000000000003,-0.6079202618106354,-5.552538921446006,0.0,0.0,0.0
3.08,-0.6645374661015515,-5.7695539316242925,0.0,0.0,0.0
3.09,-0.7232794315854384,-5.977001352628218,0.0,0.0,0.0
3.1,-0.784044992535206,-6.173825636989018,0.0,0.0,0.0
3.11,-0.8467208763976289,-6.358868001603281,0.0,0.0,0.0
3.12,-0.9111840113730765,-6.531026156988505,0.0,0.0,0.0
3.13,-0.9773051785547633,-6.689353758270097,0.0,0.0,0.0
3.14,-1.0449358102790365,-6.832712200016123,0.0,0.0,0.0
3.15,-1.1139174184334473,-6.960056654977298,0.0,0.0,0.0
3.16,-1.184096936375331,-7.070620245878214,0.0,0.0,0.0
3.17,-1.2552959017495247,-7.163517271762055,0.0,0.0,0.0
3.18,-1.3273288625037754,-7.238005109839312,0.0,0.0,0.0
3.19,-1.4000127627722396,-7.293511226556986,0.0,0.0,0.0
3.2,-1.4731614190939655,-7.329621405306208,0.0,0.0,0.0
3.21,-1.5465704113759156,-7.346035440654686,0.0,0.0,0.0
3.22,-1.620038144017032,-7.342632025913307,0.0,0.0,0.0
3.23,-1.6933796761538045,-7.319347776298028,0.0,0.0,0.0
3.24,-1.7663885077292172,-7.276450118131753,0.0,0.0,0.0
3.25,-1.8388660604586646,-7.214365814304101,0.0,0.0,0.0
3.2600000000000002,-1.9106276154107809,-7.133409314414377,0.0,0.0,0.0
3.27,-1.9814874570329153,-7.034250379743241,0.0,0.0,0.0
3.2800000000000002,-2.0512657663058866,-6.917766700347866,0.0,0.0,0.0
3.29,-2.119792142509015,-6.78479391640721,0.0,0.0,0.0
3.3000000000000003,-2.1869053794656037,-6.636084481715895,0.0,0.0,0.0
3.31,-2.252456768198678,-6.472823144147581,0.0,0.0,0.0
3.3200000000000003,-2.316309209919458,-6.296151960271402,0.0,0.0,0.0
3.33,-2.3783217071341944,-6.106918332102605,0.0,0.0,0.0
3.34,-2.4383832395222442,-5.906346753199544,0.0,0.0,0.0
3.35,-2.4963913363755155,-5.69555124432003,0.0,0.0,0.0
3.36,-2.5522416813215387,-5.475572373901899,0.0,0.0,0.0
3.37,-2.6058454174765866,-5.247418648405957,0.0,0.0,0.0
3.38,-2.6571342692068614,-5.01206466279695,0.0,0.0,0.0
3.39,-2.706042862224245,-4.770428427273444,0.0,0.0,0.0
3.4,-2.7525011455626234,-4.523448418275562,0.0,0.0,0.0
3.41,-2.7964680172571637,-4.271842929161936,0.0,0.0,0.0
3.42,-2.8379051806767803,-4.016269360266371,0.0,0.0,0.0
3.43,-2.876767764939305,-3.757546213366448,0.0,0.0,0.0
3.44,-2.913030382334327,-3.49617341082788,0.0,0.0,0.0
3.45,-2.946670861924654,-3.2326034542639577,0.0,0.0,0.0
3.46,-2.9776690898792393,-2.967319626932242,0.0,0.0,0.0
3.47,-3.006008132702894,-2.7007694787804417,0.0,0.0,0.0
3.48,-3.031677376027985,-2.4331956991683836,0.0,0.0,0.0
3.49,-3.0546678859536196,-2.1648382665364743,0.0,0.0,0.0
3.5,-3.0749739288924927,-1.8960090160036085,0.0,0.0,0.0
3.5100000000000002,-3.0925901487071736,-1.6268171231149984,0.0,0.0,0.0
3.52,-3.1075124799629794,-1.3573700653257,0.0,0.0,0.0
3.5300000000000002,-3.1197411651157494,-1.0877976480211011,0.0,0.0,0.0
3.54,-3.1292746118118333,-0.8181585393285218,0.0,0.0,0.0
3.5500000000000003,-3.1361106510254464,-0.5484758022272759,0.0,0.0,0.0
3.56,-3.1402493227976387,-0.2787719649687479,0.0,0.0,0.0
3.5700000000000003,-3.1416930444334534,-0.009071718759062927,0.0,0.0,0.0
3.58,-3.1404392643116723,0.26063421004352505,0.0,0.0,0.0
3.59,-3.13648640609868,0.5303473840283648,0.0,0.0,0.0
3.6,-3.1298393866537,0.8000492908341228,0.0,0.0,0.0
3.61,-3.1204953564356512,1.0697266411566975,0.0,0.0,0.0
3.62,-3.108453138838176,1.3393443859206167,0.0,0.0,0.0
3.63,-3.093715957278129,1.6088413898223288,0.0,0.0,0.0
3.64,-3.0762862732885967,1.8781281874435778,0.0,0.0,0.0
3.65,-3.0561642156076343,2.147082212458068,0.0,0.0,0.0
3.66,-3.033353445962405,2.4155396579960438,0.0,0.0,0.0
3.67,-3.007864076613993,2.6832915046967627,0.0,0.0,0.0
3.68,-2.9797012691757594,2.9500749233999692,0.0,0.0,0.0
3.69,-2.948874350396785,3.215569562336566,0.0,0.0,0.0
3.7,-2.9154027692651368,3.479406808416909,0.0,0.0,0.0
3.71,-2.8793030898202514,3.741138167939771,0.0,0.0,0.0
3.72,-2.84059724900284,4.0002451403637105,0.0,0.0,0.0
3.73,-2.799315284377977,4.256155059328339,0.0,0.0,0.0
3.74,-2.7554941862336766,4.508226416944019,0.0,0.0,0.0
3.75,-2.7091738369632528,4.755712684162056,0.0,0.0,0.0
3.7600000000000002,-2.6604031267836734,4.997806368964366,0.0,0.0,0.0
3.77,-2.6092425147979186,5.233708172574595,0.0,0.0,0.0
3.7800000000000002,-2.555757371049065,5.462446636676357,0.0,0.0,0.0
3.79,-2.500023903596652,5.683004406193634,0.0,0.0,0.0
3.8000000000000003,-2.4421281795466308,5.8944369768627185,0.0,0.0,0.0
3.81,-2.382167286541977,6.0956661848867775,0.0,0.0,0.0
3.8200000000000003,-2.320249842458959,6.285547422293377,0.0,0.0,0.0
3.83,-2.256493752892126,6.463000598181143,0.0,0.0,0.0
3.84,-2.1910253941077635,6.627042507680828,0.0,0.0,0.0
3.85,-2.1239885750724854,6.776522795015603,0.0,0.0,0.0
3.86,-2.0555370666472226,6.910376656279267,0.0,0.0,0.0
3.87,-1.9858201458149671,7.027825122043395,0.0,0.0,0.0
3.88,-1.915014273271471,7.127914881053844,0.0,0.0,0.0
3.89,-1.8433015549717549,7.209858113086003,0.0,0.0,0.0
3.9,-1.7708598031085527,7.27305104182312,0.0,0.0,0.0
3.91,-1.697876861404115,7.317012571133457,0.0,0.0,0.0
3.92,-1.6245550446671349,7.341375891655723,0.0,0.0,0.0
3.93,-1.5510933710108123,7.3459414255916275,0.0,0.0,0.0
3.94,-1.4776783227784958,7.330615803122407,0.0,0.0,0.0
3.95,-1.4045170727630585,7.295587787907969,0.0,0.0,0.0
3.96,-1.3318101125305897,7.2412206847091065,0.0,0.0,0.0
3.97,-1.2597406098362585,7.167727679301939,0.0,0.0,0.0
3.98,-1.1884999432277765,7.075796811955553,0.0,0.0,0.0
3.99,-1.1182705254501704,6.966238191535193,0.0,0.0,0.0
4.0,-1.0492258945422148,6.839794127347534,0.0,0.0,0.0
4.01,-0.9815300075198773,6.6972448453412206,0.0,0.0,0.0
4.0200000000000005,-0.9153363425311919,6.539741703413122,0.0,0.0,0.0
4.03,-0.850787737403724,6.36838939800326,0.0,0.0,0.0
4.04,-0.7880271634386826,6.184029523426265,0.0,0.0,0.0
4.05,-0.7271707580952378,5.987895388837007,0.0,0.0,0.0
4.0600000000000005,-0.6683251660844626,5.781117284127043,0.0,0.0,0.0
4.07,-0.6116022688540834,5.5647141723588245,0.0,0.0,0.0
4.08,-0.5570907327138593,5.339726611106776,0.0,0.0,0.0
4.09,-0.5048637818167006,5.107153087296574,0.0,0.0,0.0
4.1,-0.4549928187673298,4.867948738925539,0.0,0.0,0.0
4.11,-0.40754930039285925,4.623047709526384,0.0,0.0,0.0
4.12,-0.3625776140642003,4.373206137622542,0.0,0.0,0.0
4.13,-0.3201189992008124,4.119117674374124,0.0,0.0,0.0
4.14,-0.2802229152793284,3.8616401039213155,0.0,0.0,0.0
4.15,-0.24291492309730053,3.601273912588836,0.0,0.0,0.0
4.16,-0.2082194498493867,3.3385032934388867,0.0,0.0,0.0
4.17,-0.17615953588249408,3.073871657061223,0.0,0.0,0.0
4.18,-0.14675308749517943,2.8078169320955193,0.0,0.0,0.0
4.19,-0.12001194593209684,2.5406102352229842,0.0,0.0,0.0
4.2,-0.09594600257278468,2.2725256462493713,0.0,0.0,0.0
4.21,-0.07456246089398538,2.0038890502604967,0.0,0.0,0.0
4.22,-0.05586714778599146,1.7348245615527986,0.0,0.0,0.0
4.23,-0.03986467594275865,1.4654514667344538,0.0,0.0,0.0
4.24,-0.02655469417696363,1.1959324486639904,0.0,0.0,0.0
4.25,-0.0159399641338375,0.9263187026199924,0.0,0.0,0.0
4.26,-0.008022581356082453,0.6566455744625125,0.0,0.0,0.0
4.2700000000000005,-0.0028019550724823097,0.38694713869878705,0.0,0.0,0.0
4.28,-0.0002765674194225447,0.11724934271409015,0.0,0.0,0.0
4.29,-0.00044880156799830277,-0.15245550590489348,0.0,0.0,0.0
4.3,-0.0033197299348384727,-0.42216867715754214,0.0,0.0,0.0
4.3100000000000005,-0.00888501186103489,-0.6918740188270149,0.0,0.0,0.0
4.32,-0.017147501904278925,-0.9615641370797514,0.0,0.0,0.0
4.33,-0.02810861520639102,-1.2312119159341446,0.0,0.0,0.0
4.34,-0.041764278829302344,-1.5007648043506439,0.0,0.0,0.0
4.3500000000000005,-0.05811370584032623,-1.7701465543065955,0.0,0.0,0.0
4.36,-0.0771569118891507,-2.039249168794897,0.0,0.0,0.0
4.37,-0.0988900956378206,-2.3079257510811013,0.0,0.0,0.0
4.38,-0.12330476989271112,-2.575985529254789,0.0,0.0,0.0
4.39,-0.15039665195128502,-2.8431872488613115,0.0,0.0,0.0
4.4,-0.18015749897405192,-3.109234410421653,0.0,0.0,0.0
4.41,-0.21256875776012307,-3.3737821123993683,0.0,0.0,0.0
4.42,-0.2476165077351283,-3.6364075090634294,0.0,0.0,0.0
4.43,-0.28528064321180885,-3.896620623995386,0.0,0.0,0.0
4.44,-0.3255324869954546,-4.15388080454408,0.0,0.0,0.0
4.45,-0.36833853871357153,-4.407567510458937,0.0,0.0,0.0
4.46,-0.41366161639450905,-4.656966070469538,0.0,0.0,0.0
4.47,-0.46145561620830255,-4.901305654480189,0.0,0.0,0.0
4.48,-0.5116635393889021,-5.139798897514881,0.0,0.0,0.0
4.49,-0.5642237994632817,-5.371503047346974,0.0,0.0,0.0
4.5,-0.6190642458456147,-5.595421851748784,0.0,0.0,0.0
4.51,-0.6761023824799195,-5.810649068645959,0.0,0.0,0.0
4.5200000000000005,-0.7352454587556109,-6.0160860227503345,0.0,0.0,0.0
4.53,-0.7963893586227969,-6.210605542045393,0.0,0.0,0.0
4.54,-0.8594211600587384,-6.393154373671572,0.0,0.0,0.0
4.55,-0.9242174884861345,-6.562710766372681,0.0,0.0,0.0
4.5600000000000005,-0.9906393230750188,-6.718118010325138,0.0,0.0,0.0
4.57,-1.0585382910857162,-6.85830685619704,0.0,0.0,0.0
4.58,-1.1277670865727858,-6.9824587764652355,0.0,0.0,0.0
4.59,-1.198153253856648,-7.089581890945798,0.0,0.0,0.0
4.6000000000000005,-1.2695176457711164,-7.17883783346629,0.0,0.0,0.0
4.61,-1.3416880057841152,-7.249602712786965,0.0,0.0,0.0
4.62,-1.4144746983238006,-7.301318487235108,0.0,0.0,0.0
4.63,-1.4876779199113035,-7.333556808596189,0.0,0.0,0.0
4.64,-1.5611018709148616,-7.346046809245344,0.0,0.0,0.0
4.65,-1.6345581452838935,-7.338660096197115,0.0,0.0,0.0
4.66,-1.7078393726018082,-7.311507107244012,0.0,0.0,0.0
4.67,-1.7807439838968528,-7.264874168031781,0.0,0.0,0.0
4.68,-1.8530895685957276,-7.1989124689488895,0.0,0.0,0.0
4.69,-1.9246799742734213,-7.1142879449415855,0.0,0.0,0.0
4.7,-1.9953301574617157,-7.0117520424408175,0.0,0.0,0.0
4.71,-2.064864231952885,-6.891945913236946,0.0,0.0,0.0
4.72,-2.1331149411155947,-6.755685924756802,0.0,0.0,0.0
4.73,-2.1999243171704106,-6.60408257340502,0.0,0.0,0.0
4.74,-2.2651440124353774,-6.438190647911068,0.0,0.0,0.0
4.75,-2.328629179524212,-6.258856279804108,0.0,0.0,0.0
4.76,-2.3902585081295484,-6.067315084906435,0.0,0.0,0.0
4.7700000000000005,-2.449921127141621,-5.8647123092381275,0.0,0.0,0.0
4.78,-2.507497508032638,-5.652027869899876,0.0,0.0,0.0
4.79,-2.5628994713514914,-5.430351641906526,0.0,0.0,0.0
4.8,-2.616048612731104,-5.20069921920791,0.0,0.0,0.0
4.8100000000000005,-2.6668669711057533,-4.964056358293687,0.0,0.0,0.0
4.82,-2.7152823201717617,-4.721355192939529,0.0,0.0,0.0
4.83,-2.7612466579223955,-4.473389202990805,0.0,0.0,0.0
4.84,-2.8047147807522284,-4.22089987910587,0.0,0.0,0.0
4.8500000000000005,-2.845634629515026,-3.964749618574971,0.0,0.0,0.0
4.86,-2.8839786308570727,-3.7054707357731997,0.0,0.0,0.0
4.87,-2.919720603391908,-3.4435696212151576,0.0,0.0,0.0
4.88,-2.9528339924601092,-3.179655805695014,0.0,0.0,0.0
4.89,-2.9833004129072456,-2.9141490200006004,0.0,0.0,0.0
4.9,-3.011106559441464,-2.647352305973613,0.0,0.0,0.0
4.91,-3.0362413594133018,-2.379579068583454,0.0,0.0,0.0
4.92,-3.0586961661495793,-2.1111642713153027,0.0,0.0,0.0
4.93,-3.0784646134430678,-1.842249136368338,0.0,0.0,0.0
4.94,-3.0955416335271915,-1.572968333992615,0.0,0.0,0.0
4.95,-3.1099271532878046,-1.3035136812252517,0.0,0.0,0.0
4.96,-3.1216176438800924,-1.0339329052942132,0.0,0.0,0.0
4.97,-3.1306109137872147,-0.7642731841651002,0.0,0.0,0.0
4.98,-3.1369074083325166,-0.4945790964497917,0.0,0.0,0.0
4.99,-3.140506846818341,-0.2248722493185433,0.0,0.0,0.0
5.0,-3.1414064430807853,0.04485532143316284,0.0,0.0,0.0
