time,rev1.phi,rev1.w,rev2.phi,rev2.w,rev3.phi
0.0,0.0,0.0,0.027401669256311,0.0,0.0
0.01,-0.0192571449042288,-3.8513383506706127,0.027111864971702315,-0.11469740041553414,2.253887318434568e-07
0.02,-0.07701421648898424,-7.698360425657469,0.022963056953300354,-0.8542000091437347,1.889006371469943e-07
0.03,-0.17314211596631315,-11.519656042912985,0.008072481637415144,-2.0931088935933158,6.855876702438857e-08
0.04,-0.30714494055165187,-15.260648892432561,-0.012868289882090198,-1.5040854623117785,-1.0729741183013113e-07
0.05,-0.4777533796934706,-18.819301630666683,-0.010359376733225296,2.1405290739511447,-8.626826143130204e-08
0.06,-0.6824123847545691,-22.040783758816385,0.01335016302347129,1.0610676982262328,1.1150981847418573e-07
0.07,-0.9167805108154858,-24.725185247332707,-0.0026320303776758177,-3.05425374310917,-2.1877064025589294e-08
0.08,-1.1744025509061555,-26.65630201837963,-0.007119438863400089,2.7494365425438563,-6.52979259921986e-08
0.09,-1.4467639681399345,-27.647284420861062,0.012061733452473794,-1.2095487595059415,1.0063122590759753e-07
0.1,-1.7238451286992875,-27.591416203568574,-0.012674615366757696,-0.7097675460534919,-1.0587723800131394e-07
0.11,-1.99510995384164,-26.49490118711403,0.0087143858023614,2.4582539845586995,7.27866020030204e-08
0.12,-2.25065640703247,-24.474896998674375,0.0008780024761945828,-3.09629917230824,7.332635498977683e-09
0.13,-2.4821692060275167,-21.72386453302156,-0.012775071178803402,1.3235372067229136,-1.0671264282156764e-07
0.14,-2.6834205129875266,-18.45819647812691,0.01126549864141323,1.996759575036491,9.409288218741488e-08
0.15,-2.8502768123760855,-14.87400536015098,0.012562440381564732,-1.5477661052150071,1.0492743343892396e-07
0.16,-2.980342938389134,-11.12067874731734,-0.00823903146459706,-2.0638245290076673,-6.876514832001483e-08
0.17,-3.072453714233579,-7.294785438575246,-0.02325686850305694,-0.9184656847725262,-1.9428906839192803e-07
0.18,-3.1261683753364173,-3.4467450512594398,-0.028493012329085316,-0.2592859842203906,-1.892151041603139e-07
0.19,-3.1413791572980196,0.40464984253235414,-0.030410205076495896,-0.17158970775556032,-3.250394176838091e-06
0.2,-3.11806456900766,4.255900027359555,-0.03164206433569752,0.0010540768673078492,-4.864547779168589e-07
0.21,-3.05626614331477,8.10168438883384,-0.027464330168796038,1.0145823236518978,-2.566956813512689e-07
0.22,-2.956125819512165,11.917816931775949,-0.009111704509677257,2.5963240739990368,9.173520300431927e-08
0.23,-2.8181995698538853,15.645365948372374,0.016318581801171947,1.7106855679890571,3.7663156998397004e-07
0.24,-2.643866334456975,19.1767426609342,0.011107882647051974,-2.816833271848522,-1.159525543412482e-07
0.25,-2.4358472311712345,22.351799946899774,-0.016875293496855712,-0.8721812554628339,4.7227175028477337e-08
0.26,-2.1986953666202185,24.967069547482915,0.005592514845020389,3.5735414050826306,2.1575603148562611e-07
0.27,-1.939092925921496,26.80713986357041,0.006275011852354107,-3.666533705950421,-6.104893834986887e-08
0.28,-1.665747651628457,27.691350547693766,-0.013453142358929101,2.1092639042705383,3.0610909520079675e-08
0.29,-1.3887856018236475,27.523782793627504,0.01580168419169984,0.17113527895977582,2.7641161655348427e-07
0.3,-1.1187296799042645,26.323017442907094,-0.01248692303476518,-2.532369392945381,5.313544495474671e-08
0.31,-0.8653533934566562,24.216254456673663,0.001334894572386969,3.7664321641470058,-9.271659516038114e-08
0.32,-0.6367671252917781,21.40103461092326,0.01458417513329561,-1.9497528176802135,3.1050611141851095e-07
0.33,-0.4389715007705029,18.09336328379675,-0.014986552042989834,-2.2180538121404423,-1.644039246671879e-07
0.34,-0.2758957043065613,14.485293927053037,-0.014728137793534766,1.9706487528476824,1.8115357186376226e-07
0.35000000000000003,-0.1497813410148937,10.720683009250813,0.010598686809693895,2.4695204987939547,-7.387572380186719e-08
0.36,-0.061694584009185545,6.89080327865485,0.02886421197875897,1.1627392568220072,-1.6342582984392954e-07
0.37,-0.012025234078794514,3.041939694121244,0.03624252839716146,0.45658371483287663,-2.652223641422979e-07
0.38,-0.0008628998858786869,-0.8095101587583098,0.04021541755514398,0.3801107605984345,-6.282159811963064e-07
0.39,-0.028245882368662194,-4.660653882287443,0.043078184909984295,0.0648974129493353,3.6040875180057743e-07
0.4,-0.09408639069039669,-8.504928031835435,0.03727537297491266,-1.4825963064340195,3.246683900221828e-07
0.41000000000000003,-0.19823481971483406,-12.315138482020707,0.010491636895548396,-3.7346635644773234,8.748605992676114e-08
0.42,-0.3400703758221951,-16.028080144745985,-0.024204929199093526,-2.064199585094423,-2.0677212721026895e-07
0.43,-0.5180994728261675,-19.530282744534595,-0.01241851250685667,4.2689353355710224,-1.0363157077093114e-07
0.44,-0.72942847851388,-22.656653118262437,0.0241858505289311,0.4165989631721342,2.0277137438742958e-07
0.45,-0.969289350294653,-25.200243977720316,-0.011710526152474397,-4.577291095809853,-9.778911650643372e-08
0.46,-1.2307739702223177,-26.94709655176368,-0.004363429152934819,5.454344465405279,-3.636666727150229e-08
0.47000000000000003,-1.504987943448256,-27.723385515930914,0.015911321345537535,-3.894837360692845,1.353019783439494e-07
0.48,-1.7817103178051426,-27.444302177398438,-0.021777981656630745,0.9363662879083392,-1.817540306387952e-07
0.49,-2.050444495808781,-26.140680070452692,0.020002020964920066,2.6310631618891396,1.6703942938262454e-07
0.5,-2.301556200487639,-23.949288851361814,-0.0060450156345079045,-5.088779223727423,-5.0467997898958504e-08
0.51,-2.5271452484210326,-21.072301067073262,-0.018058639230625534,3.286393721593914,-1.5081857271054352e-07
0.52,-2.721437184358513,-17.724806162030944,0.023045615624543665,2.6629674622407546,1.924885514656896e-07
0.53,-2.8807036844937883,-14.094412939015259,0.018826554895566703,-2.942558795578236,1.5719430755483247e-07
0.54,-3.0028499997034,-10.319524995421741,-0.01661178525551648,-3.354689414270265,-1.3862964485047574e-07
0.55,-3.08690434325063,-6.486216170278256,-0.041343767694475266,-1.609953201118051,-3.474898254020548e-07
0.56,-3.132523409220663,-2.6366940026861023,-0.0521403871491477,-0.7488007664462182,-3.6330790705599536e-07
0.5700000000000001,-3.139613577613502,1.2148303935209215,-0.05902525661451698,-0.6709825991911744,-1.0052991600511077e-06
0.58,-3.108174512215723,5.0658736375270985,-0.06383600267611757,-0.07533795920438008,-5.339948058757319e-07
0.59,-3.038288170458413,8.908340241050658,-0.053771546638474804,2.47495378272902,-4.5269705540175676e-07
0.6,-2.930134002001593,12.711750344819654,-0.010981861401204092,5.755861798956954,-1.0341590650467335e-07
0.61,-2.7844008646386436,16.40899322237468,0.038583707864202066,2.363354249002901,3.2127641615580636e-07
0.62,-2.602703423350394,19.87991517072777,0.012514048473149639,-6.864980791484171,1.044182852967087e-07
0.63,-2.38811411051576,22.95535668082667,-0.036045984531321594,0.8687734047302113,-3.012286467820146e-07
0.64,-2.14561985917936,25.42466953187615,0.023507437593918545,5.790950542027068,1.962447110812992e-07
0.65,-1.8823523382323633,27.076018305618586,-0.0013483229095514189,-8.312793794958276,-1.1249389162389747e-08
0.66,-1.6073856810783267,27.743224574222964,-0.017607400246436006,7.12008718279255,-1.4697780707489213e-07
0.67,-1.3310241195356098,27.352916341659707,0.03032802632822542,-3.3158360847476858,2.533689084801787e-07
0.68,-1.0637249657599048,25.947937268401223,-0.032844003341765675,-2.2169438541165407,-2.7442606106101147e-07
0.6900000000000001,-0.814972771904352,23.673969976278194,0.015924099947677465,7.0386866121358755,1.3288917965813677e-07
0.7000000000000001,-0.5924520436961679,20.73751875289558,0.022109905156135645,-5.747907771542058,1.8454984478634067e-07
0.71,-0.4017131985433848,17.35241981200298,-0.037707344062016326,-3.135898107852472,-3.1500386614986707e-07
0.72,-0.24628663949483617,13.701079469852568,-0.024310399295217253,4.753496284116526,-2.0282052615371047e-07
0.73,-0.128127813508058,9.91690080629606,0.02881994740556714,4.820644390445878,2.4013933257598557e-07
0.74,-0.04811724905505541,6.080734928413669,0.0639302053388729,2.2877718826726365,5.339163989418866e-07
0.75,-0.006556519657380247,2.2306797245632004,0.0798476586593924,1.179735043005682,6.783953136210424e-07
0.76,-0.003507914052706516,-1.6209982873774866,0.09104051440926723,1.0834385371670188,7.383533155528414e-07
0.77,-0.03898194159340294,-5.47199791481147,0.09811519262706829,-0.05056803928000626,8.222990391852268e-07
0.78,-0.11292143463979304,-9.312186365330685,0.07904843351101096,-4.341859109547417,6.599942506912446e-07
0.79,-0.225080234856371,-13.10769851446742,0.008369654230407718,-9.067784383268322,6.324488129402183e-08
0.8,-0.374700965808883,-16.7885043819521,-0.0624284281926245,-2.262898040880423,-5.219237037078454e-07
0.81,-0.5600411053752397,-20.2257304073017,-0.008595814070555792,11.078051285913853,-7.087776497031377e-08
0.8200000000000001,-0.7778440182136046,-23.24823524754023,0.05309506449315804,-3.79663576900674,4.4384729903157293e-07
0.8300000000000001,-1.0228990294894933,-25.64094090478846,-0.04415366564314152,-6.714010945812942,-3.705229053171142e-07
0.84,-1.2878549869142504,-27.19449279182937,0.014722523705294659,12.313079856787763,1.222254822156312e-07
0.85,-1.5634658544673898,-27.751526258034918,0.015441890781901337,-12.399325948153873,1.2869573300234026e-07
0.86,-1.8393555106454096,-27.250577565067783,-0.040345150379922375,7.883853372155575,-3.3686082204038635e-07
0.87,-2.1051178209896695,-25.74613145908735,0.052728213827781756,0.5044732553135487,4.4085774622607047e-07
0.88,-2.351427446858338,-23.391656833384847,-0.034698429214598495,-9.500688305381427,-2.8939493991877944e-07
0.89,-2.570821792010405,-20.397766002218383,-0.025024896873576157,9.918275084443295,-2.0849827683855366e-07
0.9,-2.757970163987672,-16.977525988962306,0.06230810701175167,3.4045509068588324,5.209037373839424e-07
0.91,-2.9095376103757475,-13.30625362970453,0.030591465170577356,-7.825737872491968,2.5457792107877197e-07
0.92,-3.0236991264460404,-9.51383346596755,-0.051120810929552285,-7.1035012785830585,-4.2469362548196756e-07
0.93,-3.0996653637511375,-5.675465283019813,-0.10217942815922344,-3.325190381851477,-8.561934515571978e-07
0.9400000000000001,-3.137170497177852,-1.8249280287584275,-0.12612468480683087,-1.8769199231446165,-8.764390606852104e-07
0.9500000000000001,-3.1361520659559594,2.027146695613012,-0.14426273151803762,-1.7305055150391473,-1.2441929625071925e-06
0.96,-3.09659519877201,5.87834590800045,-0.1539969901448081,0.44826305760390384,-1.2971635280709882e-06
0.97,-3.018602906537783,9.715451836661206,-0.11736487559791438,7.738396915062281,-9.617079025914133e-07
0.98,-2.902454386604696,13.501404428946932,0.0009663519077689987,14.385068991209835,1.6494249700301842e-08
0.99,-2.748970553976622,17.165253052113197,0.10065180212157246,1.1407273716829176,8.429761646414216e-07
1.0,-2.5600323448509736,20.56557553642792,-0.004080898783997055,-17.621058443539876,-3.392975533502087e-08
1.01,-2.3390795414553818,23.53328430665589,-0.07572883394292988,9.705949731397341,-6.325265396915195e-07
1.02,-2.09155622086019,25.847673180680186,0.078140047640617,6.381918665308896,6.530402465094452e-07
1.03,-1.8250250294856036,27.301029054158967,-0.04177829702086121,-17.330303694232914,-3.4753563887925806e-07
1.04,-1.5488932783496232,27.74658179756331,-0.004104645530523774,20.478633196597485,-3.406837458979278e-08
1.05,-1.2735972141805232,27.13587024566307,0.04928802402701827,-15.986476974868564,4.1036780483523295e-07
1.06,-1.0094810954551843,25.534800886096292,-0.08162936649383502,3.79647668651299,-6.832244095318745e-07
1.07,-0.7657034294963191,23.10236768725455,0.06817057266739218,12.179667059892036,5.684687840368977e-07
1.08,-0.5494953157301015,20.05250162467739,0.023684601954296138,-16.691160549040937,1.962747719886309e-07
1.09,-0.3659748214136769,16.600507930746303,-0.10236026890853513,-3.076105985694362,-8.577102985432223e-07
1.1,-0.21828522658438285,12.909669984533231,-0.036654684332295205,12.878977965292012,-3.0278646254985345e-07
1.11,-0.10813200993758859,9.110474149743457,0.09039986209782032,10.628429970788854,7.451831775395557e-07
1.12,-0.036207061218062137,5.270873145997592,0.16608717498851655,4.960528339916992,1.3868303786562562e-06
1.1300000000000001,-0.0027506040091100675,1.4197663553607416,0.2032219597690916,3.0691896748557386,1.312226771808498e-06
1.1400000000000001,-0.007822193633979362,-2.4334068170934944,0.23311711744166672,2.7741507030265877,4.447571689435963e-07
1.1500000000000001,-0.051421689071661364,-6.285564009387232,0.24595770946354967,-1.3958026642273864,2.943430004698435e-06
1.16,-0.13347004594524933,-10.117772935987869,0.17599292155054927,-13.854657788347664,1.6868094964876852e-06
1.17,-0.2535817218497678,-13.89162200378937,-0.02374852897924388,-22.940977957811867,7.302811175251915e-08
1.18,-0.41090582949150023,-17.53994228507911,-0.1614313405196248,2.1691796348803773,-1.1592994418707866e-06
1.19,-0.6033908699867748,-20.898666653327744,0.033897963314275636,27.58434706069905,4.878316527054157e-07
1.2,-0.8274322806807007,-23.809632748795664,0.10375077978854896,-20.834667324830164,8.089824997599172e-07
1.21,-1.0773291428236835,-26.04589014635266,-0.1319996106242395,-3.038860338436815,-1.1419637861439636e-06
1.22,-1.3453199462411505,-27.396721872000203,0.09191598915713732,22.88821570634747,6.880101024228775e-07
1.23,-1.6218517641565304,-27.728338995021154,-0.025064371422900543,-32.27690261245377,-2.3498908388783976e-07
1.24,-1.8964408012026501,-27.008281150796417,-0.05260573403698406,29.58864890067622,-4.7005565140263956e-07
1.25,-2.1588122461717374,-25.314909753897396,0.1222955177075997,-12.664008679658378,1.0146994689811119e-06
1.26,-2.3999755308123505,-22.808270673367534,-0.125515054306381,-14.673433418070932,-1.0338889289394093e-06
1.27,-2.612948916515281,-19.701898652366797,-0.013653870116701498,27.55653066470361,-4.725929446752817e-09
1.28,-2.7928187194015464,-16.223547325187138,0.16772553399724197,1.7113877832651851,1.587300981606127e-06
1.29,-2.93662326759738,-12.511641804041112,0.04257340761974089,-21.144987722733145,1.9540340140050065e-07
1.3,-3.042763702725041,-8.708169641350981,-0.15777745634177848,-16.32128873158247,-1.7395782354467673e-06
1.31,-3.1106691621578464,-4.869123429824397,-0.27441141760457316,-7.847409798977319,-2.866657534443073e-06
1.32,-3.1401042001357693,-1.0169150418891786,-0.3362047149381609,-5.390121694956364,-3.604710716279564e-06
1.33,-3.1309932600916928,2.839553642465413,-0.3886880123309417,-4.735129818514539,-2.262473014661718e-06
1.34,-3.083312011330095,6.695042030861013,-0.4062634908549702,3.3151183907316226,-3.4394134574920885e-06
1.35,-2.9972020738563803,10.516972852246854,-0.2734179846742407,25.128068124324177,-1.855056918220049e-06
1.36,-2.873200914706457,14.273423946429274,0.07117025188781886,37.51665132066052,5.336706836195013e-07
1.37,-2.712075343693982,17.911870916149923,0.2633241233191345,-9.578086365214276,2.2602279074798845e-06
1.3800000000000001,-2.516141640286652,21.220607304959575,-0.09487561150491981,-43.55810977816466,-6.581163817617441e-07
1.3900000000000001,-2.2890930293955662,24.071513145402776,-0.14042540583466387,41.209826786331156,-1.2230680872128369e-06
1.4000000000000001,-2.036950423509063,26.235091830126137,0.2198083638180296,-5.749037743435337,1.994652503074157e-06
1.41,-1.7676522876646514,27.48204625605546,-0.18174231650557116,-29.1085171084766,-1.6188265401373769e-06
1.42,-1.4908651491484992,27.69444075245307,0.08495238682291006,50.36897354999346,7.883118264482999e-07
1.43,-1.2171026605440591,26.863621002970888,0.047016180009909266,-52.57974181857528,4.153163307093928e-07
1.44,-0.9565700864078872,25.08623434678453,-0.18520853392760867,28.969937797348095,-1.5906990062939283e-06
1.45,-0.718108820846249,22.513179366661024,0.22484578262551486,17.750789823780533,1.6951063104799165e-06
1.46,-0.5084077946697682,19.344353606857677,-0.00601587106344231,-45.911577557431684,2.824097627765221e-08
1.47,-0.3321884358266917,15.851560481173799,-0.28228838402085604,0.14188907564662334,-2.4030506320082463e-06
1.48,-0.19225317655641283,12.111792177507734,-0.06066846415624621,35.07582838722972,-1.501397917202561e-07
1.49,-0.09012689443564417,8.309097738025573,0.2685881191136273,26.972254322213512,2.2725583774018915e-06
1.5,-0.026178282082950446,4.475554936698619,0.46846400888817114,14.40321318747654,4.2826210376630754e-06
1.51,-0.0006861421538662592,0.6205338249559962,0.5901770398703158,11.212652767361153,-1.4010720232756067e-08
1.52,-0.013811535049903453,-3.247677212445912,0.6988427570215618,9.619372993364427,5.292621075275406e-06
1.53,-0.06565180996568025,-7.116666197113107,0.7346203645965478,-6.3170798681627724,7.443615532741416e-06
1.54,-0.15589295315745547,-10.910282280190343,0.4835656835124266,-47.228281520127204,3.331701813499771e-06
1.55,-0.28356089784689303,-14.628918101699915,-0.1551935849584646,-67.97058512492761,-1.0384524556716146e-06
1.56,-0.4484211749614701,-18.28490829185761,-0.47271511929067206,22.49151547648306,-4.244967215840946e-06
1.57,-0.6475709587603247,-21.51518354289028,0.20519546327372254,76.74262041919997,1.4437035162910184e-06
1.58,-0.8775093119608657,-24.302916915134965,0.22638647279010207,-79.93426162164312,1.5271098130372376e-06
1.59,-1.131660743061485,-26.418632397318227,-0.3967486073139608,18.967146381412082,-3.4359816151402603e-06
1.6,-1.4019957033101094,-27.557025510382292,0.3494474302307251,45.83964709577249,2.8477244431690433e-06
1.61,-1.6788239295090883,-27.63045272637417,-0.17997597872328952,-88.9072609973373,-1.2455081471093149e-06
1.62,-1.9516249929698266,-26.685625403494658,-0.07056650770790027,96.45895811196151,-4.323116514232798e-07
1.6300000000000001,-2.210212996869563,-24.854895152502564,0.34010952957345103,-52.695736463135056,2.9227755422564267e-06
1.6400000000000001,-2.445822525628267,-22.225428817846367,-0.4098394810441264,-35.091626233952745,-3.689099600379198e-06
1.6500000000000001,-2.6522849360709295,-18.968903253169707,-0.028309694290753175,82.48265071238885,-2.6704631530780694e-08
1.6600000000000001,-2.824847250617748,-15.503630447111561,0.5254670251963864,9.94687687978092,4.938346906868596e-06
1.67,-2.9610953956731825,-11.712800846686383,0.21891525805882905,-57.792155650226086,1.411409946312419e-06
1.68,-3.059136503143512,-7.90564810685888,-0.3781182115139545,-54.12490932449114,-2.098990325617913e-06
1.69,-3.1192008817192503,-4.09922625612626,-0.8257756493671081,-37.097912683492744,-3.3987624734013895e-06
1.7,-3.1409349383535567,-0.2380170117208546,-1.1673786879337305,-32.99723487891758,-4.980225205922079e-07
1.71,-3.123753290307375,3.6850108434776905,-1.4886717240353944,-29.391377976819655,-1.124730840969254e-05
1.72,-3.067112966188629,7.638469466968205,-1.6415004134536861,12.662306038902395,-0.09874906522850035
1.73,-2.971548523955793,11.412469798190498,-1.4215451217037296,13.86994382614557,0.20649580209401447
1.74,-2.8403774443943273,14.82297550897172,-0.001534333483126328,252.74855508410536,-0.19403371559672886
1.75,-2.6725568440665017,18.74718140992255,1.2038293400027005,59.71095996751004,-0.2533592101920503
1.76,-2.4701103143349536,21.59755649416691,-0.03183703885384286,-376.219726530332,0.1571872235964662
1.77,-2.23777777186955,24.63190444312551,-0.9733410334486151,35.205509564166405,0.22144846445624303
1.78,-1.9828596173052364,26.585397219497416,0.8054436426140701,-240.84862060744086,0.09947292548115524
1.79,-1.7119385099569209,27.364308001649086,-0.35940464330963895,-193.35091977309588,0.2099957962025391
1.8,-1.4352413342541963,27.40025241491982,-0.432039765584105,47.50425092287785,0.1763689041084126
1.81,-1.1642125570711521,26.64674467817042,0.7913159538690884,-63.81852403689092,0.2521086719601035
1.82,-0.908884429391503,24.654675965159857,-0.7840369235975752,-24.969843448550364,-0.229656555581066
1.83,-0.6758509718385021,21.66091067522917,-0.11597535040138807,-73.62138712424964,0.1402616602339871
1.84,-0.47290577559920366,18.82518974346248,1.048800787161209,-75.15412102046187,0.24928781058682462
1.85,-0.30414739104507504,14.900051487160681,-0.059275950551185445,-126.00385291390732,0.257275623918946
1.86,-0.17238613992790516,11.475406334945975,-1.4044585130510596,-31.800032835395502,0.2736401315393502
1.87,-0.07605155555086807,7.726823490249598,-1.6083906727464832,-9.30449369205513,-0.2949359162890179
1.8800000000000001,-0.01847631019718504,3.7810087835079162,-1.450859218461535,24.077065856655004,-0.3858729271240255
1.8900000000000001,-0.00035515323651803734,-0.1478839926552844,-1.4196084255259624,16.10824530752015,0.3278806195859756
1.9000000000000001,-0.02124849513251505,-4.021438303200249,-0.9453287064669758,62.08297137543138,-0.22642429059294186
1.9100000000000001,-0.08056273487568932,-7.828284458338427,-0.5236581688853138,70.02379657958178,-0.25452122568902186
1.92,-0.17763956556628316,-11.593859707522311,0.00509978340880539,-30.752138570832386,0.15332882520867835
1.93,-0.3127468396393812,-15.414250482303787,0.5313667926020869,-89.06459780623449,0.15600853721070826
1.94,-0.484560645082477,-18.873856396648716,0.19667325598675922,-179.71589302698584,-0.1747976525923586
1.95,-0.6900401624105647,-22.166839913684576,-0.44666183471938353,-101.18490538720175,-0.16492131878421934
1.96,-0.9249642331528438,-24.764308826816528,0.33615368034384435,11.511319106976536,-0.18306524257229445
1.97,-1.1831122151569482,-26.63375155301186,0.027952187332471845,-269.1897564918834,0.15070975356556884
1.98,-1.4556084081162664,-27.643424825652556,-0.2631011804047484,78.50350600098632,-0.2035864083283807
1.99,-1.732357439170829,-27.594925521304592,0.49542358547529314,162.71112410048315,-0.14824239455721352
2.0,-2.0029353521142967,-26.44590862321532,-0.45233952211045225,-184.58616613063876,0.17591525129325672
2.0100000000000002,-2.2576917668043044,-24.33751624057175,0.17085813034329297,55.69213416142093,-0.2119047936046221
2.02,-2.4883537353113514,-21.62127043321652,0.44560743503060446,13.234320154771144,-0.20951687273574113
2.0300000000000002,-2.6882266553117766,-18.358838852681657,-0.4918366697573405,-397.1066277501015,0.0846007694942636
2.04,-2.8542143822303756,-14.745613500870629,-0.289458488430382,-3.0020451991540686,-0.23068090286019854
2.05,-2.9827484471955232,-10.981113016646075,0.4105431032700429,261.955827916766,-0.11697723350581865
2.06,-3.0738958015640288,-7.226826021546467,0.8932208696871246,-61.61841687280681,-0.160028909395863
2.07,-3.126967546115624,-3.375340878805877,1.0308480822865778,82.48710521989534,-0.11751776121170235
2.08,-3.1413289388460424,0.5058264760184162,1.2633430056665875,14.518541286503655,-0.6554185924776548
2.09,-3.116809924976189,4.398551381921539,1.3638283782118608,1.6681318738868807,-0.8512484012825319
2.1,-3.053487135712324,8.245963613413846,1.0904019931241624,-101.15550161151454,-0.3899901307357553
2.11,-2.9523387278557403,11.956843338321645,0.5534780877157219,-124.56140372012494,-0.5172001069930308
2.12,-2.814189928932101,15.71513320408091,-0.6563361641285638,-5.4951036285665165,0.4600772667992165
2.13,-2.638835904342132,19.225651645615223,-0.3119799145083065,-8.005136856128043,-0.4134435204257069
2.14,-2.43070239473443,22.437964050184128,0.3749289815536839,34.73197358024235,0.49634918330244765
2.15,-2.1931971978619305,24.924808245772752,0.06433750978441004,-98.93758477921753,-0.4510223084025464
2.16,-1.933349098686771,26.779283151834807,-0.4340585585640721,265.25530970958266,0.35349216351526563
2.17,-1.660207953097172,27.720934141666035,0.3843471302203193,90.66308613218305,0.38128915890416953
2.18,-1.3837589027802688,27.524059601683597,-0.5884535230328393,271.01868229384166,0.23111193168585692
2.19,-1.1142890956975646,26.239087435599725,0.15408662250562738,181.13127844848782,0.4467833438708416
2.2,-0.861371072796158,24.091411609597824,0.30225593125785244,-172.18589927706344,-0.47269281218456455
2.21,-0.6335164641112971,21.38094426780865,-0.7130539044742259,-123.08175820442278,0.3584033486968749
2.22,-0.43673671319754387,17.968568382372027,0.21742312136589062,-139.0771326875827,0.2696908078859092
2.23,-0.27402322728213563,14.471619704201728,0.4886429772893799,-6.348468858524143,0.6245555642850733
2.24,-0.14875275360809412,10.589544250614951,-0.1355250545213925,-14.272949786261986,0.4904462302028931
2.25,-0.06170370840346636,6.833652820635487,-0.9927842599798643,-63.32160944530803,0.7169962083480148
2.2600000000000002,-0.012343516866392543,3.026961701328065,-1.0351784803872748,-46.04604729707664,-0.8782061024920401
2.27,-0.0015060804858216235,-0.8758359899468025,-1.7384285161798831,-177.79012493712696,-0.20469538505449794
2.2800000000000002,-0.030131080893999785,-4.859660830432359,-2.5765318991243213,-50.33047806155816,0.9725211240842302
2.29,-0.09873234399075824,-8.845505632599703,-3.033953226889848,-45.50429134018437,1.3632358208724535
2.3000000000000003,-0.20616474827424824,-12.639103293886121,-2.113963611024046,124.96019032896345,3.809710133715184
2.31,-0.35174530883087896,-16.287348910399373,-1.3580341487720198,111.5912238945874,5.067789740858601
2.32,-0.5282876888424096,-19.24605614237187,0.24152186427287586,263.66201662396765,7.22019492580289
2.33,-0.7411951884568817,-22.932163245622842,1.6795656800790357,-192.42438391721117,5.8680268281075145
2.34,-0.9786552285345406,-25.051640932323068,-1.1095416506013756,-344.62365377544984,6.642442057961012
2.35,-1.2408562959933909,-26.506006041082973,-0.48915206376524706,280.28272666932986,5.966459443551048
2.36,-1.513161017684141,-27.92676192637242,1.284572670268365,-102.75034431116212,6.734279524725783
2.37,-1.7866477460299475,-27.345043452719324,-1.0092973086968058,-152.75788815206013,5.872590989205484
2.38,-2.054678941231256,-25.510698148541017,-0.06491025200760156,366.48769548165734,5.79413611586381
2.39,-2.304084229027643,-24.121541342473844,1.6466120571055332,-137.26372018424738,6.008322472675696
2.4,-2.5262570030360507,-20.615540104893746,-0.7455727198789615,2027.6503786688254,6.307731945488466
2.41,-2.720987460500497,-17.926055869719498,-1.5481385514972879,95.16083788569826,5.320720107158022
2.42,-2.878746076833966,-13.652219152293334,-0.567696083807904,273.6121958651664,7.631810145103785
2.43,-2.997979347027321,-10.268866389448874,1.4770884356042995,72.04678017659586,7.534914620422213
2.44,-3.0822940323486296,-6.534621437431988,3.430323175083579,461.17817974446933,6.622499983745191
2.45,-3.126783160582457,-2.398658833319604,5.269673081738094,-100.96230493025416,5.649054214378326
2.46,-3.131219973597661,1.488428854417086,6.6004530992681945,3880.4606602403674,6.322179930091489
2.47,-3.096295922510723,5.534810416240958,7.966128098882306,-163.2566095329992,6.790837897455079
2.48,-3.02054285560446,9.606544135178469,9.250222922156633,172.97070578697702,7.755179802989008
2.49,-2.9059003328335784,13.112466184277,11.50421210810632,138.338201372266,5.142908265002773
2.5,-2.7588065789889833,16.619551488332288,13.173917975317798,89.62929197318358,7.2240310247967345
2.5100000000000002,-2.571381133534931,20.462198480587666,14.710303239226558,-151.16751572980644,4.329461485850589
2.52,-2.355015302216923,23.20130139704541,11.100741756757774,130.24812122990798,7.337143790611161
2.5300000000000002,-2.1110617895243817,25.510735636990958,13.403524251384104,116.72747166264863,-2.3370189471165768
2.54,-1.8477094303726163,26.71968402029622,11.821960064805097,-831.4070858135331,-5.686625255592804
2.5500000000000003,-1.5735690767851123,27.38110618704142,12.264113638875443,423.00729774653036,1.715380277445129
2.56,-1.297934262635258,27.08557150154417,13.761970176686269,-267.9183891436143,-2.06119469623342
2.57,-1.0345377420186455,25.717006613771115,12.150037352228884,133.96074535022848,-2.511070375922905
2.58,-0.7908708279045829,22.868945016049505,12.76561971938544,-580.9513027511125,7.090097208941439
2.59,-0.5737646376767351,20.145691038145728,12.747530744003303,316.5530058126985,16.52231538224766
2.6,-0.38971862662082707,16.813805257954453,13.014526234620458,106.7774167415028,27.552359930484066
2.61,-0.241414185906505,12.90424432830557,11.561893025922064,-309.7764117664285,39.017354924627774
2.62,-0.12978352469213209,9.220776969724852,11.763016494482946,-303.4184830178251,49.223982846000496
2.63,-0.05711295735853067,5.295253617074023,12.92870356165235,69.11803402927431,60.821300583161175
2.64,-0.023629437208109384,1.4368491702552983,13.762093370582457,1207.4543356915576,72.56717574897121
2.65,-0.028871481605850215,-2.490781270341366,13.904078545362902,197.69899846084706,83.94010534909432
2.66,-0.0739389743352027,-6.5142813381521485,14.810834640449865,-107.77505840578783,95.88130775506761
2.67,-0.15882612329140944,-10.539894486016555,15.598729750739288,-324.00672690266936,107.78550118532736
2.68,-0.28191750670394444,-14.065109264507885,17.30423317766185,-803.5989766878574,118.92322929972894
2.69,-0.4389401878041449,-17.77302403312035,20.129979524375187,275.5466238459282,114.66264323209002
2.7,-0.6327769456686015,-20.635706896086997,19.09028370227968,-376.702830291014,104.77583597286456
2.71,-0.8563804859238676,-23.44782603439596,18.596561597610034,-118.41736469865242,117.94224716317741
2.72,-1.1047910748904486,-25.731307119350586,19.871505733101603,2374.23338513475,113.3046254636159
2.73,-1.3705150698296804,-27.315121187436986,17.003019979048766,-17.36525143349392,120.93659725042438
2.74,-1.64477263246543,-27.804220004784668,20.935177258347533,93.50768183598353,111.83390966322659
2.75,-1.916129474476179,-27.109520159470268,17.3798912258931,235.9068432406943,111.89305615962282
2.7600000000000002,-2.1741053868640896,-24.990228541660777,19.882687644306476,-211.60813301570224,108.14485230958472
2.77,-2.4099524531974703,-22.18812999184975,18.49338727227849,-313.1173900899319,110.97315253402985
2.7800000000000002,-2.6188984322062003,-19.051717499479782,18.628921055948965,432.8964158886202,98.1208271966681
2.79,-2.7935762285997545,-15.860557035614049,20.556735481869715,602.9960703165114,109.44275801885593
2.8000000000000003,-2.9331450041105698,-11.847744824966355,19.924213066504606,-39.54474647727429,122.98312605189678
2.81,-3.032086096108117,-8.17558018992784,17.22334214948928,-211.73803199568573,136.14561360534574
2.82,-3.094824931551224,-4.298257913931521,15.2784393438211,-386.8955726596108,149.50824086961504
2.83,-3.11748818915582,-0.2785137675031927,12.658349993529363,-552.4529322553607,164.29067640258617
2.84,-3.1007349222023954,3.662958616892767,10.441499558365544,-210.38928533869017,177.95142242162902
2.85,-3.0436146330374996,7.6306270226959585,9.331306398434794,494.89301086005673,192.00911973610005
2.86,-2.948672848782846,11.141022071091477,6.97483308036927,-348.30227811855923,205.54893977996966
2.87,-2.816244900350483,15.464322276147396,4.0119786890102995,-714.6263489266679,220.54716151913414
2.88,-2.645347730229854,18.5796318620435,4.908692356385914,613.7341624143693,234.7817348760059
2.89,-2.4416996950520233,22.0232377020972,7.313707600030512,-621.1569409063338,222.41972071514982
2.9,-2.2094876041266875,24.809702565191248,4.909751540628526,-559.903997948554,225.37197647420632
2.91,-1.9541338921429394,26.62305671265324,8.272182530635039,28.768405669242966,230.3284691862024
2.92,-1.6844133558465855,27.621463351890707,5.240474745014404,-248.70248744115347,230.75209178941284
2.93,-1.409793719666522,27.724179861681304,8.365619039701988,429.01330212549965,237.7638729568151
2.94,-1.1418926214928775,26.439923834302466,5.023008831849428,75.4891904987302,236.1096703516208
2.95,-0.8887650101477365,24.023612063364453,6.971884838475923,529.8087563345262,246.4351794369773
2.96,-0.6591457822990641,21.250642068326968,7.7167475012782445,-431.11015440161435,230.39018010081804
2.97,-0.460732443042227,18.414270249671414,4.561686212877442,85.15289023189804,242.7918062041807
2.98,-0.29640550998431514,14.067418733328365,6.032391031775293,-799.2048511159596,258.2215571164839
2.99,-0.16969638284960686,10.892355072671718,8.63057628799229,994.656635453638,272.8307630101101
3.0,-0.0797936305045785,6.900193115962558,11.268706347345093,-396.9652076114398,288.03790997644427
3.0100000000000002,-0.031280257581507896,2.9107840073053537,12.872357417952593,893.7101871633502,304.158037786184
3.02,-0.021452670861324175,-0.9900465187407059,16.179495609644476,-509.67225730297423,319.5990837444057
3.0300000000000002,-0.05045832796359762,-4.816153991574758,18.546726662733498,3269.8632935753835,336.30808060023065
3.04,-0.1182202034063417,-8.905237518236703,20.45914305296651,-346.68502229522517,352.9747290693501
3.0500000000000003,-0.22760545353448033,-12.887419986448258,22.96899135590524,21.35781456087184,368.798443153116
3.06,-0.37266784008411935,-16.09851734732521,24.60043326598821,906.5982179749428,385.7304197781206
3.0700000000000003,-0.5551126253228522,-20.31980264659231,27.552542048772594,-1103.9402298440216,401.65858507715666
3.08,-0.7686760124868784,-22.92877483706529,23.186604931892482,-838.0002625802115,404.6148936867857
3.09,-1.009864500645746,-25.11452001181321,25.92189641786487,360.70633092105027,386.8459926092632
3.1,-1.2731740013998836,-26.15243726267486,24.911732577678396,1115.542371038194,371.28831376053614
3.11,-1.5468423132940343,-27.21854897941991,25.776581957614017,898.4099226515539,355.7841015777606
3.12,-1.8200881522774168,-26.881221874659484,24.363022433881426,-1438.6658943158773,373.33269229339163
3.13,-2.0835637143485215,-25.366442534306863,25.120009619384682,413.7451171221565,354.10258578969894
3.14,-2.32807500347599,-22.6870208131319,25.10516473281359,950.9532844286896,333.6927754443866
3.15,-2.5465330435972637,-20.37787002873998,24.273031455689644,240.30984751262537,312.05610178065433
3.16,-2.731805405744945,-17.10262945918979,26.459560414859943,188.06035275187546,291.0188718036928
3.17,-2.8839859177424776,-13.110198854362482,26.600128418570932,156.95565313340643,268.5991492473374
3.18,-2.9960668992349397,-9.503518292815087,22.688033750911362,-111.93771026137611,247.0435634493035
3.19,-3.0725529016335904,-5.686022633403313,22.24187448709466,-139.8216870121969,224.1110637222085
3.2,-3.1092541854765168,-1.6483271807318944,19.888986061804857,2328.165486270405,201.37606473313159
3.21,-3.1062895304954363,2.244865159960953,17.59545768513661,75.60096450229123,177.7333703062045
3.22,-3.063692769015575,6.2762359932936524,15.977833813401185,-765.2839091511908,153.27604835505605
3.23,-2.9805304920575053,10.16000484438275,15.380114325664456,-4199.96628131445,128.99615918633924
3.24,-2.860846199438343,13.699231510757627,13.152973928123657,-2667.3275843062847,103.99484159430733
3.25,-2.7043019877833845,17.654251618766818,10.236792001993583,-1658.6591085513105,78.14936818357378
3.2600000000000002,-2.512715865128651,20.63427520412223,12.759171140784087,342.41713330435664,52.46022186874715
3.27,-2.2892695169584583,23.268697897064783,12.921905459884359,638.2603432493794,26.181679584922204
3.2800000000000002,-2.0414320144401192,25.868923052419515,11.815027979137646,441.08065856296713,-1.8853520712156828
3.29,-1.7762638239815909,27.13647921158034,13.211458770013477,-219.4417666097585,-29.349462280661882
3.3000000000000003,-1.5033620966706724,27.487637432393207,11.736373116616186,428.3132508287634,-58.41091569081595
3.31,-1.2329637706937409,26.629701350801167,13.52845036678424,694.1487252194669,-86.8663836911692
3.3200000000000003,-0.9753219258884049,25.038879509619985,10.549572976644681,-11.754898091816079,-117.16609967244594
3.33,-0.739556656766208,22.532572026885685,14.007249685342684,-2862.1041671507473,-147.93608560038615
3.34,-0.5320068409264423,19.17845319882788,11.306765098446046,-3299.1247214431864,-179.39133983826756
3.35,-0.3554043741610117,15.840735529240213,10.311161530923998,71.17630817946193,-211.4666376586472
3.36,-0.2180838558016454,11.824620771957086,13.424861146595944,1471.0594762834173,-244.27394076170054
3.37,-0.11615820930253644,8.299546873557679,16.06361421840852,-346.5084189642784,-278.86775378567864
3.38,-0.05273677328074218,4.301568404338103,17.079850056963092,4064.283899368729,-313.87406921995364
3.39,-0.029820303229139897,0.33074495019332384,18.617860276469404,521.3735132156709,-350.1286764374784
3.4,-0.04615932504417539,-3.638621492265208,20.4513156287643,326.8678851194719,-387.60650287329275
3.41,-0.10268450077707031,-7.642869270844327,22.15417557748985,766.7130479972183,-425.82022930353264
3.42,-0.1965373688904909,-11.037806325554795,25.209137758023477,939.1055899914353,-466.30372497965703
3.43,-0.3280148380872184,-15.24373366444245,26.522803000251045,-192.12957535331884,-506.68915102565734
3.44,-0.49738380796459436,-18.420785181853727,26.06443773101402,-724.5163216059002,-548.8842723767029
3.45,-0.6998428731008776,-21.969541491999866,24.134382250518083,359.1307581406507,-592.5677953217994
3.46,-0.9308929436897333,-24.67962927655976,27.02370539169456,-2073.504150789974,-637.2758291457585
3.47,-1.1850962278204058,-26.50244323155988,23.369816560718238,1138.3453404648626,-683.7343677342639
3.48,-1.4538127452858156,-27.506902127782737,25.972332194385107,-263.76979994211507,-732.8252857225509
3.49,-1.726989115502082,-27.419590858903415,23.245672172762948,-109.61839745207052,-783.3326410392751
3.5,-1.9941580252658673,-26.1973458870497,26.793657734898492,1478.060455747906,-836.7762978941223
